{
  "taskName": "task2",
  "fields": {
    "definitions": {
      "objectModel": {
        "type": "object",
        "properties": {
          "name": {
            "type": "String",
            "validate": true,
            "validation": {
              "requirementType": "REQUIRED",
              "fieldType": "STRING",
              "condition": null,
              "errorMessage": "Name is required",
              "typeValidationParams": {}
            }
          },
          "personalInfo": {
            "type": "object",
            "validate": true,
            "properties": {
              "age": {
                "type": "Int32",
                "validate": false
              },
              "address": {
                "type": "object",
                "validate": true,
                "properties": {
                  "line1": {
                    "type": "String",
                    "validate": true,
                    "validation": {
                      "requirementType": "REQUIRED",
                      "fieldType": "STRING",
                      "condition": null,
                      "errorMessage": "line1 is required",
                      "typeValidationParams": {}
                    }
                  },
                  "line2": {
                    "type": "String",
                    "validate": true,
                    "validation": {
                      "requirementType": "REQUIRED",
                      "fieldType": "STRING",
                      "condition": null,
                      "errorMessage": "line2 is required",
                      "typeValidationParams": {}
                    }
                  },
                  "city": {
                    "type": "String",
                    "validate": true,
                    "validation": {
                      "requirementType": "REQUIRED",
                      "fieldType": "STRING",
                      "condition": null,
                      "errorMessage": "city is required",
                      "typeValidationParams": {}
                    }
                  },
                  "state": {
                    "type": "String",
                    "validate": true,
                    "validation": {
                      "requirementType": "CONDITIONAL",
                      "fieldType": "STRING",
                      "condition": "country != 'US'",
                      "errorMessage": "State is required for non-US addresses",
                      "typeValidationParams": {
                        "maxLength": 2
                      }
                    }
                  },
                  "stateOrProvince": {
                    "type": "String",
                    "validate": true,
                    "validation": {
                      "requirementType": "CONDITIONAL",
                      "fieldType": "STRING",
                      "condition": "country == 'US'",
                      "errorMessage": "stateOrProvince is required for US addresses",
                      "typeValidationParams": {
                        "maxLength": 2
                      }
                    }
                  },
                  "country": {
                    "type": "String",
                    "validate": true,
                    "validation": {
                      "requirementType": "REQUIRED",
                      "fieldType": "STRING",
                      "errorMessage": "country is required"
                    }
                  },
                  "zipCode": {
                    "type": "String",
                    "validate": false
                  }
                }
              }
            }
          },
          "requestReasons": {
            "type": "array",
            "validate": true,
            "valueType": "Int32",
            "validation": {
              "requirementType": "REQUIRED",
              "fieldType": "LIST",
              "errorMessage": "requestReasons is required"
            }
          },
          "jobTypes": {
            "type": "array",
            "validate": true,
            "validation": {
              "requirementType": "REQUIRED",
              "fieldType": "LIST",
              "errorMessage": "jobTypes is required",
              "typeValidationParams": {}
            },
            "valueType": "object",
            "properties": {
              "jobTypeCode": {
                "type": "Int32",
                "validate": true,
                "requirementType": "REQUIRED",
                "fieldType": "INT",
                "errorMessage": "jobTypeCode is required"
              },
              "jobTypeValue": {
                "type": "String",
                "validate": false
              }
            }
          },
          "comments": {
            "type": "array",
            "validate": true,
            "validation": {
              "requirementType": "REQUIRED",
              "fieldType": "LIST",
              "errorMessage": "comments is required",
              "typeValidationParams": {}
            },
            "valueType": "object",
            "properties": {
              "comment": {
                "type": "String",
                "validate": true,
                "requirementType": "CONDITIONAL",
                "fieldType": "STRING",
                "condition": "commentDate != null || commentBy != null",
                "errorMessage": "Comment is required when commentDate or commentBy is provided",
                "typeValidationParams": {}
              },
              "commentDate": {
                "type": "LocalDateTime",
                "validate": true,
                "requirementType": "CONDITIONAL",
                "fieldType": "LOCAL_DATE_TIME",
                "condition": "comment != null || commentBy != null",
                "errorMessage": "CommentDate is required when comment or commentBy is provided",
                "typeValidationParams": {}
              },
              "commentBy": {
                "type": "String",
                "validate": true,
                "requirementType": "CONDITIONAL",
                "fieldType": "STRING",
                "condition": "comment != null || commentDate != null",
                "errorMessage": "CommentBy is required when comment or commentDate is provided",
                "typeValidationParams": {
                  "minLength": 2
                }
              }
            }
          }
        }
      }
    }
  }
}
