{
  "taskName": "complex-task",
  "fields": {
    "definitions": {
      "objectModel": {
        "type": "object",
        "properties": {
          "customerProfile": {
            "type": "object",
            "validate": true,
            "properties": {
              "customerType": {
                "type": "String",
                "validate": true,
                "validation": {
                  "requirementType": "REQUIRED",
                  "fieldType": "STRING",
                  "errorMessage": "Customer type is required"
                }
              },
              "accountStatus": {
                "type": "String",
                "validate": true,
                "validation": {
                  "requirementType": "REQUIRED",
                  "fieldType": "STRING",
                  "errorMessage": "Account status is required"
                }
              },
              "subscriptionTier": {
                "type": "String",
                "validate": true,
                "validation": {
                  "requirementType": "CONDITIONAL",
                  "fieldType": "STRING",
                  "condition": "customerType == 'BUSINESS' && accountStatus == 'ACTIVE'",
                  "errorMessage": "Subscription tier is required for active business accounts"
                }
              },
              "businessDetails": {
                "type": "object",
                "validate": true,
                "validation": {
                  "requirementType": "CONDITIONAL",
                  "fieldType": "OBJECT",
                  "condition": "customerType == 'BUSINESS'",
                  "errorMessage": "Business details are required for business customers"
                },
                "properties": {
                  "companyName": {
                    "type": "String",
                    "validate": true,
                    "validation": {
                      "requirementType": "REQUIRED",
                      "fieldType": "STRING",
                      "errorMessage": "Company name is required"
                    }
                  },
                  "taxId": {
                    "type": "String",
                    "validate": true,
                    "validation": {
                      "requirementType": "CONDITIONAL",
                      "fieldType": "STRING",
                      "condition": "employeeCount > 10 || annualRevenue > 1000000",
                      "errorMessage": "Tax ID is required for companies with more than 10 employees or revenue over 1M"
                    }
                  },
                  "employeeCount": {
                    "type": "Int32",
                    "validate": true,
                    "validation": {
                      "requirementType": "REQUIRED",
                      "fieldType": "INT",
                      "errorMessage": "Employee count is required"
                    }
                  },
                  "annualRevenue": {
                    "type": "Int32",
                    "validate": true,
                    "validation": {
                      "requirementType": "REQUIRED",
                      "fieldType": "INT",
                      "errorMessage": "Annual revenue is required"
                    }
                  },
                  "industryCode": {
                    "type": "String",
                    "validate": true,
                    "validation": {
                      "requirementType": "CONDITIONAL",
                      "fieldType": "STRING",
                      "condition": "employeeCount > 50",
                      "errorMessage": "Industry code is required for companies with more than 50 employees"
                    }
                  }
                }
              },
              "individualDetails": {
                "type": "object",
                "validate": true,
                "validation": {
                  "requirementType": "CONDITIONAL",
                  "fieldType": "OBJECT",
                  "condition": "customerType == 'INDIVIDUAL'",
                  "errorMessage": "Individual details are required for individual customers"
                },
                "properties": {
                  "firstName": {
                    "type": "String",
                    "validate": true,
                    "validation": {
                      "requirementType": "REQUIRED",
                      "fieldType": "STRING",
                      "errorMessage": "First name is required"
                    }
                  },
                  "lastName": {
                    "type": "String",
                    "validate": true,
                    "validation": {
                      "requirementType": "REQUIRED",
                      "fieldType": "STRING",
                      "errorMessage": "Last name is required"
                    }
                  },
                  "dateOfBirth": {
                    "type": "String",
                    "validate": true,
                    "validation": {
                      "requirementType": "REQUIRED",
                      "fieldType": "STRING",
                      "errorMessage": "Date of birth is required"
                    }
                  },
                  "ssn": {
                    "type": "String",
                    "validate": true,
                    "validation": {
                      "requirementType": "CONDITIONAL",
                      "fieldType": "STRING",
                      "condition": "accountStatus == 'ACTIVE' && subscriptionTier == 'PREMIUM'",
                      "errorMessage": "SSN is required for active premium individual accounts"
                    }
                  }
                }
              }
            }
          },
          "orderDetails": {
            "type": "object",
            "validate": true,
            "properties": {
              "orderType": {
                "type": "String",
                "validate": true,
                "validation": {
                  "requirementType": "REQUIRED",
                  "fieldType": "STRING",
                  "errorMessage": "Order type is required"
                }
              },
              "items": {
                "type": "array",
                "validate": true,
                "validation": {
                  "requirementType": "REQUIRED",
                  "fieldType": "LIST",
                  "errorMessage": "Order items are required"
                },
                "valueType": "object",
                "properties": {
                  "productId": {
                    "type": "String",
                    "validate": true,
                    "requirementType": "REQUIRED",
                    "fieldType": "STRING",
                    "errorMessage": "Product ID is required"
                  },
                  "quantity": {
                    "type": "Int32",
                    "validate": true,
                    "requirementType": "REQUIRED",
                    "fieldType": "INT",
                    "errorMessage": "Quantity is required"
                  },
                  "customizationDetails": {
                    "type": "object",
                    "validate": true,
                    "requirementType": "CONDITIONAL",
                    "fieldType": "OBJECT",
                    "condition": "productId.startsWith('CUSTOM')",
                    "errorMessage": "Customization details are required for custom products",
                    "properties": {
                      "customizationType": {
                        "type": "String",
                        "validate": true,
                        "requirementType": "REQUIRED",
                        "fieldType": "STRING",
                        "errorMessage": "Customization type is required"
                      },
                      "specifications": {
                        "type": "String",
                        "validate": true,
                        "requirementType": "REQUIRED",
                        "fieldType": "STRING",
                        "errorMessage": "Specifications are required"
                      }
                    }
                  }
                }
              },
              "shippingDetails": {
                "type": "object",
                "validate": true,
                "validation": {
                  "requirementType": "CONDITIONAL",
                  "fieldType": "OBJECT",
                  "condition": "orderType == 'PHYSICAL' || (orderType == 'MIXED' && items.some(item => item.productId.startsWith('PHY')))",
                  "errorMessage": "Shipping details are required for physical products"
                },
                "properties": {
                  "address": {
                    "type": "object",
                    "validate": true,
                    "properties": {
                      "street": {
                        "type": "String",
                        "validate": true,
                        "validation": {
                          "requirementType": "REQUIRED",
                          "fieldType": "STRING",
                          "errorMessage": "Street is required"
                        }
                      },
                      "city": {
                        "type": "String",
                        "validate": true,
                        "validation": {
                          "requirementType": "REQUIRED",
                          "fieldType": "STRING",
                          "errorMessage": "City is required"
                        }
                      },
                      "state": {
                        "type": "String",
                        "validate": true,
                        "validation": {
                          "requirementType": "CONDITIONAL",
                          "fieldType": "STRING",
                          "condition": "country == 'US'",
                          "errorMessage": "State is required for US addresses"
                        }
                      },
                      "zipCode": {
                        "type": "String",
                        "validate": true,
                        "validation": {
                          "requirementType": "REQUIRED",
                          "fieldType": "STRING",
                          "errorMessage": "Zip code is required"
                        }
                      },
                      "country": {
                        "type": "String",
                        "validate": true,
                        "validation": {
                          "requirementType": "REQUIRED",
                          "fieldType": "STRING",
                          "errorMessage": "Country is required"
                        }
                      }
                    }
                  },
                  "expeditedShipping": {
                    "type": "Boolean",
                    "validate": true,
                    "validation": {
                      "requirementType": "CONDITIONAL",
                      "fieldType": "BOOLEAN",
                      "condition": "customerProfile.customerType == 'BUSINESS' && customerProfile.businessDetails.annualRevenue > 5000000",
                      "errorMessage": "Expedited shipping option is required for large business customers"
                    }
                  }
                }
              },
              "digitalDeliveryDetails": {
                "type": "object",
                "validate": true,
                "validation": {
                  "requirementType": "CONDITIONAL",
                  "fieldType": "OBJECT",
                  "condition": "orderType == 'DIGITAL' || (orderType == 'MIXED' && items.some(item => item.productId.startsWith('DIG')))",
                  "errorMessage": "Digital delivery details are required for digital products"
                },
                "properties": {
                  "emailAddress": {
                    "type": "String",
                    "validate": true,
                    "validation": {
                      "requirementType": "REQUIRED",
                      "fieldType": "STRING",
                      "errorMessage": "Email address is required"
                    }
                  },
                  "deliveryMethod": {
                    "type": "String",
                    "validate": true,
                    "validation": {
                      "requirementType": "REQUIRED",
                      "fieldType": "STRING",
                      "errorMessage": "Delivery method is required"
                    }
                  }
                }
              }
            }
          },
          "paymentInformation": {
            "type": "object",
            "validate": true,
            "properties": {
              "paymentMethod": {
                "type": "String",
                "validate": true,
                "validation": {
                  "requirementType": "REQUIRED",
                  "fieldType": "STRING",
                  "errorMessage": "Payment method is required"
                }
              },
              "creditCardDetails": {
                "type": "object",
                "validate": true,
                "validation": {
                  "requirementType": "CONDITIONAL",
                  "fieldType": "OBJECT",
                  "condition": "paymentMethod == 'CREDIT_CARD'",
                  "errorMessage": "Credit card details are required for credit card payments"
                },
                "properties": {
                  "cardNumber": {
                    "type": "String",
                    "validate": true,
                    "validation": {
                      "requirementType": "REQUIRED",
                      "fieldType": "STRING",
                      "errorMessage": "Card number is required"
                    }
                  },
                  "expirationDate": {
                    "type": "String",
                    "validate": true,
                    "validation": {
                      "requirementType": "REQUIRED",
                      "fieldType": "STRING",
                      "errorMessage": "Expiration date is required"
                    }
                  },
                  "securityCode": {
                    "type": "String",
                    "validate": true,
                    "validation": {
                      "requirementType": "REQUIRED",
                      "fieldType": "STRING",
                      "errorMessage": "Security code is required"
                    }
                  },
                  "billingAddress": {
                    "type": "object",
                    "validate": true,
                    "validation": {
                      "requirementType": "CONDITIONAL",
                      "fieldType": "OBJECT",
                      "condition": "customerProfile.customerType == 'BUSINESS' || !orderDetails.shippingDetails",
                      "errorMessage": "Billing address is required for business customers or when no shipping details provided"
                    },
                    "properties": {
                      "street": {
                        "type": "String",
                        "validate": true,
                        "validation": {
                          "requirementType": "REQUIRED",
                          "fieldType": "STRING",
                          "errorMessage": "Street is required"
                        }
                      },
                      "city": {
                        "type": "String",
                        "validate": true,
                        "validation": {
                          "requirementType": "REQUIRED",
                          "fieldType": "STRING",
                          "errorMessage": "City is required"
                        }
                      },
                      "state": {
                        "type": "String",
                        "validate": true,
                        "validation": {
                          "requirementType": "CONDITIONAL",
                          "fieldType": "STRING",
                          "condition": "country == 'US'",
                          "errorMessage": "State is required for US addresses"
                        }
                      },
                      "zipCode": {
                        "type": "String",
                        "validate": true,
                        "validation": {
                          "requirementType": "REQUIRED",
                          "fieldType": "STRING",
                          "errorMessage": "Zip code is required"
                        }
                      },
                      "country": {
                        "type": "String",
                        "validate": true,
                        "validation": {
                          "requirementType": "REQUIRED",
                          "fieldType": "STRING",
                          "errorMessage": "Country is required"
                        }
                      }
                    }
                  }
                }
              },
              "bankTransferDetails": {
                "type": "object",
                "validate": true,
                "validation": {
                  "requirementType": "CONDITIONAL",
                  "fieldType": "OBJECT",
                  "condition": "paymentMethod == 'BANK_TRANSFER' && customerProfile.customerType == 'BUSINESS'",
                  "errorMessage": "Bank transfer details are required for business customers using bank transfer"
                },
                "properties": {
                  "accountNumber": {
                    "type": "String",
                    "validate": true,
                    "validation": {
                      "requirementType": "REQUIRED",
                      "fieldType": "STRING",
                      "errorMessage": "Account number is required"
                    }
                  },
                  "routingNumber": {
                    "type": "String",
                    "validate": true,
                    "validation": {
                      "requirementType": "REQUIRED",
                      "fieldType": "STRING",
                      "errorMessage": "Routing number is required"
                    }
                  },
                  "accountType": {
                    "type": "String",
                    "validate": true,
                    "validation": {
                      "requirementType": "REQUIRED",
                      "fieldType": "STRING",
                      "errorMessage": "Account type is required"
                    }
                  }
                }
              }
            }
          }
        }
      }
    }
  }
}
