{
  "taskName": "complex-task",
  "taskData": {
    "customerProfile": {
      "customerType": "BUSINESS",
      "accountStatus": "ACTIVE",
      "businessDetails": {
        "companyName": "Acme Corporation",
        "employeeCount": 75,
        "annualRevenue": 6000000
      }
    },
    "orderDetails": {
      "orderType": "MIXED",
      "items": [
        {
          "productId": "PHY123",
          "quantity": 5
        },
        {
          "productId": "CUSTOM456",
          "quantity": 2
        },
        {
          "productId": "DIG789",
          "quantity": 10
        }
      ],
      "shippingDetails": {
        "address": {
          "street": "123 Main St",
          "city": "New York",
          "zipCode": "10001",
          "country": "US"
        }
      }
    },
    "paymentInformation": {
      "paymentMethod": "CREDIT_CARD",
      "creditCardDetails": {
        "cardNumber": "4111111111111111",
        "expirationDate": "12/25",
        "securityCode": "123"
      }
    }
  }
}
