{
  "input": {
    "taskName": "task2",
    "taskData": {
      "personalInfo": {
        "age": 33,
        "address": {
          "zipCode": "28260",
          "country": "US",
          "city": "Charlotte",
          "stateOrProvince": "NC",
          "line1": "2636 Main St",
          "line2": "Suite 523"
        }
      },
      "requestReasons": [1, 2, 3],
      "name": "John",
      "jobTypes": [
        {
          "jobTypeCode": 23,
          "jobTypeValue": "teacher"
        },
        {
          "jobTypeCode": 24,
          "jobTypeValue": "preacher"
        }
      ]
    }
  },
  "output": {
    "taskName": "task2",
    "name": "John",
    "requestReasons": [1, 2, 3],
    "jobTypes": [
      {
        "jobTypeCode": 23,
        "jobTypeValue": "teacher"
      },
      {
        "jobTypeCode": 24,
        "jobTypeValue": "preacher"
      }
    ],
    "age": 33,
    "registeredAddress": {
      "zipCode": "28260",
      "country": "US",
      "city": "Charlotte",
      "stateOrProvince": "NC",
      "line1": "2636 Main St",
      "line2": "Suite 523"
    },
    "formedAddress": {
      "country": "US"
    },
    "copiedJobTypes": [
      {
        "jobTypeCode": 23,
        "jobTypeValue": "teacher"
      },
      {
        "jobTypeCode": 24,
        "jobTypeValue": "preacher"
      }
    ]
  }
}
